{
  "train_loss": [
    0.31814994164409516
  ],
  "val_loss": [
    0.3049870364772626
  ],
  "val_f1_macro": [
    0.10297890845836051
  ],
  "val_auc_macro": [
    0.6030679508484015
  ]
}