{
  "train_loss": [
    0.7381637269859539,
    0.7033736294121824,
    0.6908155861468169,
    0.6834204996672456,
    0.6782782714157845,
    0.6740119061450061,
    0.6704184581259884,
    0.667616195882723,
    0.6651294444464586,
    0.6620453169794328,
    0.6611965695300672,
    0.6589104129626988,
    0.6581942353679247,
    0.655837632296207
  ],
  "val_loss": [
    0.7247883823966454,
    0.6962536117401641,
    0.7006153096148683,
    0.6983806875750005,
    0.685040875220319,
    0.6880499635008658,
    0.6787633803484296,
    0.6787120203177134,
    0.6857693370390585,
    0.6847692100778285,
    0.714564206137103,
    0.6736002164538175,
    0.67805535214194,
    0.6773554529801984
  ],
  "val_f1_macro": [
    0.39833111823367534,
    0.4210621094187738,
    0.4203068152591669,
    0.4105357664792748,
    0.42160945949462963,
    0.4245060412630981,
    0.4306193965256769,
    0.42628291027725657,
    0.41954122716638387,
    0.4246499609664988,
    0.40689256014270986,
    0.4319246655966967,
    0.43097662917022056,
    0.43343330503996924
  ],
  "val_auc_macro": [
    0.8014224435520777,
    0.8068842013970534,
    0.8074538738767751,
    0.8088254680673654,
    0.8111796884775835,
    0.8120454280439878,
    0.8116099732451011,
    0.8144001674082738,
    0.8087399992320767,
    0.8082713191810061,
    0.8095665913658022,
    0.8137680860948578,
    0.8138170448957524,
    0.8132039945218396
  ]
}