{
  "train_loss": [
    0.32254910469055176,
    0.29876107959893033,
    0.28635538099103536,
    0.27630420963150315,
    0.27038432033768867,
    0.2653926872152966,
    0.25866642335650203,
    0.24122429078127536,
    0.22993308138126514,
    0.22201702057811468,
    0.21609102841587774,
    0.19830486659924604,
    0.1894705758390098
  ],
  "val_loss": [
    0.2975338556549766,
    0.3182070199287299,
    0.277220922256961,
    0.2812178839336742,
    0.2784922250292518,
    0.3169780854022864,
    0.27306047172257397,
    0.270557245025129,
    0.280104622335145,
    0.2839445371970986,
    0.2732871414585547,
    0.2786687375921192,
    0.29626512640353403
  ],
  "val_sensitivity": [
    0.7522603978300181,
    0.5933867217773185,
    0.834151382071816,
    0.8287264272797726,
    0.7432188065099458,
    0.5616119865667786,
    0.7644019633169724,
    0.7904934125548954,
    0.7576853526220615,
    0.7915267372771894,
    0.7920433996383364,
    0.7757685352622061,
    0.8307930767243606
  ],
  "val_specificity": [
    0.6697641172265905,
    0.7884203002144389,
    0.6304503216583274,
    0.6511794138670479,
    0.7383845604002859,
    0.8248749106504646,
    0.7169406719085061,
    0.7062187276626162,
    0.7362401715511079,
    0.7062187276626162,
    0.7019299499642602,
    0.7212294496068621,
    0.6647605432451751
  ],
  "val_accuracy": [
    0.7303605313092979,
    0.6451612903225806,
    0.7800759013282732,
    0.7815939278937382,
    0.7419354838709677,
    0.6314990512333966,
    0.7518026565464896,
    0.7681214421252371,
    0.7519924098671726,
    0.7688804554079697,
    0.7681214421252371,
    0.7612903225806451,
    0.7867172675521822
  ],
  "val_auc_roc": [
    0.7824253180067913,
    0.7739274408834298,
    0.8060252285603124,
    0.8063430183828763,
    0.8150234261509818,
    0.8068551567169153,
    0.818202062993292,
    0.8210110221919225,
    0.8244537144940041,
    0.8238039164779654,
    0.8261172638905636,
    0.8300454119994556,
    0.8253882492365936
  ]
}