{
  "train_loss": [
    0.3657044856056102,
    0.34320910712963776,
    0.33413234634150907,
    0.32748533056954315,
    0.3245168588940987,
    0.3203204871851419,
    0.31823122877733867,
    0.3143513229148358
  ],
  "val_loss": [
    0.2939943687656959,
    0.28264501067139114,
    0.2704091417185324,
    0.27518163899479525,
    0.2868246852125628,
    0.2623817690595214,
    0.27064100558773957,
    0.2733914421727538
  ],
  "val_f1_macro": [
    0.33819045366137684,
    0.34268183614177294,
    0.35033635514170475,
    0.34676405696578244,
    0.35032539123687406,
    0.35433214035852734,
    0.3565025255351428,
    0.3540793075287067
  ],
  "val_auc_macro": [
    0.7975201143866348,
    0.8102341839998646,
    0.8102347942789988,
    0.8124644293898781,
    0.8066316846954259,
    0.8156701935863425,
    0.8149686752865141,
    0.8144195341848777
  ]
}