{
  "train_loss": [
    0.3272997449758924,
    0.2982736037867277,
    0.2870570032994211,
    0.2755361642150792,
    0.2713640196774499,
    0.26326148304967173,
    0.24412372593994414,
    0.23641026906562565,
    0.22813117508964204,
    0.22212875485226455,
    0.20256446228303276,
    0.19281262583710904
  ],
  "val_loss": [
    0.30293619750124035,
    0.28899937800385733,
    0.30440201407129114,
    0.27912595335281254,
    0.2859288644158479,
    0.2925052587733124,
    0.2748931498238535,
    0.27854105748913505,
    0.27251632222623534,
    0.27660705546538034,
    0.28329893946647644,
    0.28806533194852596
  ],
  "val_sensitivity": [
    0.726685610953242,
    0.8796176698527512,
    0.6334280547662103,
    0.7393438388013434,
    0.780935158873676,
    0.6561611986566779,
    0.7501937483854301,
    0.7863601136657195,
    0.8204598295014208,
    0.8692844226298114,
    0.7987600103332472,
    0.7956600361663653
  ],
  "val_accuracy": [
    0.713662239089184,
    0.7937381404174573,
    0.6717267552182163,
    0.7303605313092979,
    0.7548387096774194,
    0.6929791271347249,
    0.7489563567362428,
    0.7633776091081594,
    0.7857685009487666,
    0.8049335863377609,
    0.7724857685009487,
    0.772865275142315
  ]
}