{
  "train_loss": [
    1.1717480959246456,
    1.1538540362073477,
    1.146448586804363,
    1.1420589934050727,
    1.1381420219511307
  ],
  "val_loss": [
    1.1777337861898989,
    1.1865611355335186,
    1.1540768988216266,
    1.1534885759361255,
    1.164124947576858
  ],
  "val_f1_macro": [
    0.23473449955354253,
    0.243441444753727,
    0.24664288110970342,
    0.25197811101973333,
    0.24771670484369204
  ],
  "val_auc_macro": [
    0.5972006279018084,
    0.6017298121226854,
    0.603673338516629,
    0.6053987472277107,
    0.607111273720373
  ]
}