{
  "train_loss": [
    1.1620985805493107,
    1.1388504172244822,
    1.1305006710289107,
    1.1220741342426788,
    1.115766971830695,
    1.1107066375206245,
    1.1047939911169589,
    1.101773546203926,
    1.0998880923289547,
    1.0971008197058363,
    1.0933754507148374,
    1.090787396870351,
    1.0871820021251897,
    1.085866700036288,
    1.0834867924766958,
    1.080816445483902,
    1.0782392285201485,
    1.0764371099293772,
    1.075998747591886,
    1.0627034047894248,
    1.0590272412109232,
    1.0567898652614784,
    1.0551869178421547,
    1.0534705268697435
  ],
  "val_loss": [
    1.158138184839145,
    1.149594774239013,
    1.1776370356630343,
    1.120507044914626,
    1.1805653347889822,
    1.1264981834549919,
    1.1695474715751464,
    1.1982560643076536,
    1.141960366705033,
    1.1932864380026873,
    1.151715628330081,
    1.180680113706704,
    1.1383284795860509,
    1.1894021334965064,
    1.113397902052208,
    1.1522261130305576,
    1.3373180599010963,
    1.2120794811457665,
    1.165342672443822,
    1.2231369251751107,
    1.2727647332806602,
    1.1936905195885914,
    1.2343208828541448,
    1.1619365282829435
  ],
  "val_f1_macro": [
    0.22953144638267653,
    0.22490195494761855,
    0.2323830728129205,
    0.2656396082655001,
    0.26049799436274285,
    0.2606035775542034,
    0.25174836616365676,
    0.25360840558254116,
    0.26634135659648567,
    0.24792013290629455,
    0.2645663586094327,
    0.25642337260752907,
    0.2692547879360074,
    0.2558619424874079,
    0.26818020895089967,
    0.2663431347312532,
    0.25995034698745595,
    0.2631873335652451,
    0.26519210955120354,
    0.2676017976330242,
    0.27411599675533466,
    0.2724398632803315,
    0.2720815038588906,
    0.2712200282931269
  ],
  "val_auc_macro": [
    0.6063297174858296,
    0.6130432187702632,
    0.6114287338685352,
    0.624674496983463,
    0.626630422019181,
    0.6289460064846264,
    0.6215207056402545,
    0.6190188072755918,
    0.6293294125446209,
    0.6290590756715911,
    0.6274826773825938,
    0.6256154156901856,
    0.6275520504150861,
    0.6262532441356913,
    0.6352562591047789,
    0.6344696680763071,
    0.6295127401789378,
    0.630185009031886,
    0.6333003166920939,
    0.6373881485807847,
    0.6354797984583922,
    0.6364133909700481,
    0.6377396747294889,
    0.6393133111054587
  ]
}